SUB	TRI	COUNT	SAMPLE
C>A	ACA	8	BC-1_1E20_2K2
C>A	ACC	6	BC-1_1E20_2K2
C>A	ACG	0	BC-1_1E20_2K2
C>A	ACT	3	BC-1_1E20_2K2
C>G	ACA	2	BC-1_1E20_2K2
C>G	ACC	3	BC-1_1E20_2K2
C>G	ACG	0	BC-1_1E20_2K2
C>G	ACT	1	BC-1_1E20_2K2
C>T	ACA	41	BC-1_1E20_2K2
C>T	ACC	15	BC-1_1E20_2K2
C>T	ACG	3	BC-1_1E20_2K2
C>T	ACT	15	BC-1_1E20_2K2
T>A	ATA	3	BC-1_1E20_2K2
T>A	ATC	2	BC-1_1E20_2K2
T>A	ATG	3	BC-1_1E20_2K2
T>A	ATT	7	BC-1_1E20_2K2
T>C	ATA	12	BC-1_1E20_2K2
T>C	ATC	6	BC-1_1E20_2K2
T>C	ATG	4	BC-1_1E20_2K2
T>C	ATT	4	BC-1_1E20_2K2
T>G	ATA	1	BC-1_1E20_2K2
T>G	ATC	0	BC-1_1E20_2K2
T>G	ATG	1	BC-1_1E20_2K2
T>G	ATT	0	BC-1_1E20_2K2
C>A	CCA	9	BC-1_1E20_2K2
C>A	CCC	2	BC-1_1E20_2K2
C>A	CCG	1	BC-1_1E20_2K2
C>A	CCT	8	BC-1_1E20_2K2
C>G	CCA	3	BC-1_1E20_2K2
C>G	CCC	5	BC-1_1E20_2K2
C>G	CCG	0	BC-1_1E20_2K2
C>G	CCT	2	BC-1_1E20_2K2
C>T	CCA	79	BC-1_1E20_2K2
C>T	CCC	18	BC-1_1E20_2K2
C>T	CCG	14	BC-1_1E20_2K2
C>T	CCT	30	BC-1_1E20_2K2
T>A	CTA	2	BC-1_1E20_2K2
T>A	CTC	1	BC-1_1E20_2K2
T>A	CTG	2	BC-1_1E20_2K2
T>A	CTT	1	BC-1_1E20_2K2
T>C	CTA	1	BC-1_1E20_2K2
T>C	CTC	2	BC-1_1E20_2K2
T>C	CTG	6	BC-1_1E20_2K2
T>C	CTT	2	BC-1_1E20_2K2
T>G	CTA	1	BC-1_1E20_2K2
T>G	CTC	2	BC-1_1E20_2K2
T>G	CTG	2	BC-1_1E20_2K2
T>G	CTT	4	BC-1_1E20_2K2
C>A	GCA	21	BC-1_1E20_2K2
C>A	GCC	3	BC-1_1E20_2K2
C>A	GCG	0	BC-1_1E20_2K2
C>A	GCT	5	BC-1_1E20_2K2
C>G	GCA	3	BC-1_1E20_2K2
C>G	GCC	1	BC-1_1E20_2K2
C>G	GCG	2	BC-1_1E20_2K2
C>G	GCT	4	BC-1_1E20_2K2
C>T	GCA	35	BC-1_1E20_2K2
C>T	GCC	17	BC-1_1E20_2K2
C>T	GCG	4	BC-1_1E20_2K2
C>T	GCT	18	BC-1_1E20_2K2
T>A	GTA	1	BC-1_1E20_2K2
T>A	GTC	1	BC-1_1E20_2K2
T>A	GTG	2	BC-1_1E20_2K2
T>A	GTT	1	BC-1_1E20_2K2
T>C	GTA	3	BC-1_1E20_2K2
T>C	GTC	3	BC-1_1E20_2K2
T>C	GTG	1	BC-1_1E20_2K2
T>C	GTT	2	BC-1_1E20_2K2
T>G	GTA	1	BC-1_1E20_2K2
T>G	GTC	0	BC-1_1E20_2K2
T>G	GTG	1	BC-1_1E20_2K2
T>G	GTT	2	BC-1_1E20_2K2
C>A	TCA	8	BC-1_1E20_2K2
C>A	TCC	5	BC-1_1E20_2K2
C>A	TCG	2	BC-1_1E20_2K2
C>A	TCT	17	BC-1_1E20_2K2
C>G	TCA	1	BC-1_1E20_2K2
C>G	TCC	2	BC-1_1E20_2K2
C>G	TCG	0	BC-1_1E20_2K2
C>G	TCT	5	BC-1_1E20_2K2
C>T	TCA	1565	BC-1_1E20_2K2
C>T	TCC	293	BC-1_1E20_2K2
C>T	TCG	149	BC-1_1E20_2K2
C>T	TCT	729	BC-1_1E20_2K2
T>A	TTA	12	BC-1_1E20_2K2
T>A	TTC	3	BC-1_1E20_2K2
T>A	TTG	1	BC-1_1E20_2K2
T>A	TTT	6	BC-1_1E20_2K2
T>C	TTA	7	BC-1_1E20_2K2
T>C	TTC	3	BC-1_1E20_2K2
T>C	TTG	3	BC-1_1E20_2K2
T>C	TTT	5	BC-1_1E20_2K2
T>G	TTA	1	BC-1_1E20_2K2
T>G	TTC	2	BC-1_1E20_2K2
T>G	TTG	4	BC-1_1E20_2K2
T>G	TTT	7	BC-1_1E20_2K2
